OCC_YEAR,NEIGHBOURHOOD_NAME,predicted_collisions
2014,Agincourt North,560.1777477324863
2015,Agincourt North,542.2723814119521
2016,Agincourt North,524.9393372594624
2017,Agincourt North,508.1603217278105
2018,Agincourt North,491.91762599966444
2019,Agincourt North,476.1941072974225
2020,Agincourt North,460.97317079047656
2021,Agincourt North,446.2387520807864
2022,Agincourt North,431.9753002482795
2023,Agincourt North,418.16776143818396
2024,Agincourt North,404.80156297297094
